name,email
Kyle Bowman,aci@eno.cz
Bertha Parks,ge@gesol.mm
Sara Walker,le@ew.va
Annie Lynch,bizpoom@ta.bn
Ina Abbott,im@giride.mm
Jeffrey Matthews,mewti@titolgow.vc
Roger Salazar,ko@mur.lu
Lucas Holt,geucoide@gus.cv
Nancy Jefferson,rophe@rem.ae
Warren Howard,ilupauti@alumezce.gs
Hulda Walsh,upehej@wevisvu.is
Jim Henry,adoka@pinew.cu
Sylvia Reed,lopgalaz@jub.dm
Christopher Barton,wakedpar@didadki.gb
Clayton Singleton,udomuv@vihkaz.rw
Lillie Simmons,zo@nikcup.org
Betty Tran,nur@remezwe.om
Julia Huff,vefku@zi.ca
Larry Reed,na@ko.nc
Charles Lamb,gok@focjudi.bo
Helena Yates,muihe@gow.ne
Lottie Gregory,pija@ci.md
Noah Howell,go@sozebzas.tn
Lucinda Alvarez,kotonap@onefumu.py
Noah Burgess,gisacob@fim.me
Roxie Matthews,wimego@tofetpin.lv
Willie Hubbard,lo@foplojud.cg
Mabelle Marsh,saehekub@feowe.gh
Mae Marshall,udbosnek@ca.fr
Bernard Rhodes,um@buho.so
Glen Fernandez,ituno@lehaeg.bb
Robert Watts,upha@cos.af
Jackson McCoy,taden@enzohe.ao
Carolyn Phelps,utirigo@ot.st
Mina Banks,kobafpo@pasezaw.iq
Landon Day,zeenbo@ahu.gm
Marie Patterson,uzo@obilewe.ai
Oscar Washington,cu@ma.pk
Cecelia Weaver,gikencek@egsi.gm
Nicholas Ramsey,femvuvaz@najac.ki
Roger Greene,dubo@poler.rs
Landon Hart,hicrazrar@laje.fo
Bernice Ramsey,ritje@zinzob.af
Winifred Stanley,uwo@vu.gy
Gabriel McDonald,rakcaer@saksac.kr
Christine Boyd,duku@rorciduv.jm
Ollie Marshall,ri@niza.cr
Beulah Patterson,sebutowo@ene.bm
Millie Ray,kojul@ewupa.et
Joseph Roy,rod@cam.lk
Nathaniel Harrison,ucevib@hijup.ws
Edward Wells,ki@ziulesa.va
Dominic Chapman,kus@fiuhoew.jp
Dylan Neal,kumif@wemufji.sb
Eleanor Fleming,hepduuho@kiwrad.hn
Clara Matthews,miwliri@buocaam.bn
Kyle Hubbard,himci@vilbed.uy
Lucy May,bef@ho.ck
Dennis Bates,irahubetu@gobeni.pg
Katherine Peterson,jidkimrav@en.ml
Logan Russell,tof@mofa.zm
Gabriel Atkins,vezevlel@dap.mu
Hulda Griffin,aferopa@eb.hu
Julia Leonard,kuomama@zaomonuh.mu
Leo Lewis,mufsiut@zo.om
Ida Dean,luhazilim@aci.zm
Allen Ford,mu@pak.lk
Tillie Watts,ro@fo.mg
Tillie Stewart,somfuser@paajereg.mc
Garrett Murray,amu@lob.vg
Craig Turner,hi@domowzi.gov
Robert Henderson,olajomha@pade.sh
Ruby Harper,ito@seof.com
Sylvia Stone,lida@er.gg
Betty Cook,bezeba@utgijor.hk
Lillian Cross,fota@mijelta.iq
John Valdez,opali@fur.li
Isaac Benson,amapapa@ap.ec
Curtis Carlson,bosaasi@rebba.nz
Loretta Castillo,gol@web.nl
Jayden Holloway,udiod@izo.tw
Daisy Wilson,ololingi@lacigos.sk
Curtis Greer,ozilba@fu.cx
Jason Murphy,ode@ted.bd
Edith Pratt,rubsevu@fagpo.sz
Katie Day,ew@gefes.mh
Jerry Greer,nizsaha@lid.kn
Phoebe Walsh,ulupe@fik.si
Catherine Green,mi@iw.org
Myra Mack,vojzon@cipwusaru.ec
Darrell Conner,kioc@ni.td
Lilly Gardner,gaj@ruliab.ga
Mae Cain,ozhifdag@kik.ls
Roxie James,ab@ehcew.ck
Cecilia Black,do@gi.hn
Melvin Edwards,valre@efe.gm
Lucy Smith,gesetu@odajoda.gw
Noah Curtis,ru@kezu.be
Leila Roy,epuun@ponsecta.tw
Helena McCoy,zefhaelu@rejpam.za
Garrett Cain,op@nevif.br
Lora Weaver,et@dataw.st
Aaron Larson,neji@cuelnu.is
Ellen Fletcher,go@vom.mr
Winifred Bowen,birwes@owiv.za
Anthony Malone,comur@gub.na
Jason Gonzales,pi@koilifo.af
Noah Barton,rawjizla@jumebpo.ad
Grace Wilkins,farlunli@jakjusu.vn
Jessie Nash,nujuwuj@ruvi.ug
Susie Freeman,titak@zav.sg
Arthur Chapman,satup@izezi.ba
Harriet Walker,so@he.zw
Max Lane,jujos@gu.th
Bessie Gilbert,din@lu.bz
Alta Rowe,depah@nogis.gm
Jay Lambert,namev@wutba.na
Marc King,vo@poup.zw
Zachary Allen,livba@adegij.ar
Edgar Blake,guswu@ronbiz.bn
Rena Castillo,unu@zu.sa
Ruby Castro,efideduge@vitve.ga
Celia Gordon,su@ikzoc.pg
Hester Harper,fo@pegozwib.cl
Maurice Yates,inzal@nu.mv
Jared Castro,ciupenis@iwevab.vn
Abbie Maxwell,zugwipoj@ira.cm
Hettie Wise,upufim@jokmilub.sg
Tommy Kelley,heg@suiwuzi.ps
Alan Summers,womilzo@pi.ne
Fannie Sharp,macikuje@dekod.cl
Blanche Matthews,pa@miapazin.mp
Sallie Cox,fe@lutzosta.ee
Irene Maldonado,zaw@geczaoj.lr
Harvey Lambert,femehef@oke.ls
Bradley Lamb,gonitaba@ekpasde.am
Isabelle Matthews,igkigcu@mez.ir
Brent Ramsey,dojroj@ir.ec
Ian Briggs,wipmubmar@sausoc.sy
Connor Butler,teba@jefefa.tt
Sophia Reyes,uvizun@huhnuwe.cf
Frederick Snyder,ropupzi@kuno.ne
Olive McCarthy,votubmav@hitwu.as
Elva Valdez,uz@cuzle.ss
Birdie Hopkins,cu@cupo.lc
Ruby Roberts,wibepah@hahues.tn
Lora Farmer,sicuc@wevdu.sb
Warren Richards,iz@nevuesa.pf
Catherine Greer,ojiwu@safa.eh
Troy Watkins,gukgeto@zavepwur.ar
Olga Murphy,vuliju@cute.ga
Kate Gordon,luigib@diz.lr
Bobby Lyons,dehuh@dubozago.tn
Henry Lambert,siwruc@je.tf
Randy Walton,otboena@gesup.be
Gertrude Anderson,seih@rise.hm
Alan Fitzgerald,ev@utesu.st
Lois Beck,bobfa@toekome.zm
Thomas Schmidt,tirut@rulbuket.tr
Elijah Schneider,ki@eda.rs
Joshua Daniel,opi@dal.do
Minerva Hernandez,roruwe@nafokzi.mw
Frank Higgins,lijnuw@wopapof.mm
Sophia Martinez,jedhavrat@ha.af
Bernard Frank,dug@cov.gm
Gussie Munoz,feg@awi.uy
Andre Graham,ce@iso.kh
Jennie Lane,sugi@vekvam.ne
Samuel Griffith,wa@sof.bo
Randall McCarthy,natu@fobeg.mz
Isabel Walker,wehijon@niirjip.tj
Tillie Sherman,hi@nok.af
Eugene Maldonado,rahfad@jeebib.py
Mario Moore,pibozopi@wekoji.mt
Charlotte Erickson,recogeta@vibe.az
Travis Day,hecavziv@pakom.la
Isaac Walters,icoizubor@jociw.vc
Jon Anderson,cojoj@pepo.am
Alvin Hodges,wikenoh@icika.lv
Marcus Davidson,wuhitdo@zuvwuw.edu
Ollie Carroll,ekouh@fusoz.th
Harry Lee,akaatku@hi.ne
Betty Walker,av@iwegedvib.ke
Ralph Sims,erpihiw@or.bh
Mabelle Johnston,fubselev@buho.cx
Jerry Rivera,acsid@neato.as
Fannie Reese,jub@kumve.tm
Mae Caldwell,puf@od.cn
Ivan Garcia,ubikeru@vup.ro
Sue Salazar,losfetna@johhu.mu
Isabel Valdez,gaibe@leogcow.co
Isaiah Jordan,fe@adhifkem.sv
Chester Drake,jakzimob@topecka.kg
Willie Moody,imoco@genit.kh
Randy Lowe,ku@efognaz.cd
Steven Griffith,bezvu@arvi.uy
Raymond Bass,ig@abezebi.ki
Louis Chambers,bezenva@dinlaaj.ni
Wesley Evans,gutkuwu@difijez.np
Randall Griffin,nunuwo@laum.tt
Abbie Hubbard,basul@zo.ve
Elnora Mann,hu@veju.cg
Cornelia Summers,jij@gow.in
Edgar Clayton,dutcobret@fi.al
Nathaniel Moody,ce@os.bj
Anne Taylor,anu@ruf.nf
Hunter Parker,dejepak@ijoiheh.cy
Wesley Roberson,ovicazev@jeim.gg
Frederick Gregory,fo@ekkak.mz
Mina Tate,fete@ranitu.pg
Kate Vasquez,ko@reduwa.tf
Josephine Nash,gerulku@cofpi.eu
Walter Sherman,ba@mitozi.pt
Max Munoz,pibuare@ali.gt
Stephen Mack,lihta@ce.bm
Lester Parsons,bi@zika.me
Flora Fitzgerald,gowenpof@pafojgo.aw
Pauline Brewer,letad@rezpato.tr
Jon Fuller,ihgo@zecin.cx
Scott Lee,imevkol@dur.wf
Floyd Roberts,goj@keger.pl
Franklin Pratt,ojo@wu.kr
William Wade,lan@ra.sk
Walter Simon,zebmejvu@pulli.fo
Clifford Yates,doju@suduz.lt
Mamie Fisher,luip@if.nf
Bill Stone,bere@lihculgac.be
Beulah Yates,cor@eci.td
Rosalie Simpson,ceztunja@tis.ky
Iva Herrera,tauzu@mifan.wf
Jessie Logan,ciesepaw@jissuzi.mq
Rena Jimenez,be@lir.ve
Alma Mack,ojolu@sejuda.tv
Lois Becker,kaptowpu@mi.kg
Travis Yates,noj@mobe.tk
Lela Barrett,reak@jowrod.lb
Eugene Terry,pokijo@go.su
Edith Reynolds,giwguc@evuwa.ai
Effie Stone,ato@pa.bn
Austin Stevenson,nuzanje@bispu.gh
Chad Lamb,nem@majru.mp
Caroline Stanley,oziluv@defpo.cd
Patrick McGee,vahdephu@ropkoz.jm
Amy Murray,ked@gucigaso.tn
Jared Townsend,pu@re.hk
Winnie Marshall,nobi@epanig.mq
Ronald Stokes,koenecak@tugjofge.et
Marc Stevenson,tupuw@tav.sy
Joe West,lerracab@tu.pm
Jessie Sandoval,litfi@cin.ne
Harry Medina,emimeler@paz.ke
Luella Haynes,jifjacusu@na.ph
Philip Ruiz,tasurga@okpasevu.rs
Leonard Sandoval,tuwo@wazunodam.hn
Tony Ray,todace@soj.gi
Bruce Hayes,uruol@amvo.bh
Effie Burton,zen@kigutan.va
Alexander Daniels,ci@hocjeb.ac
Anthony Drake,pob@fis.it
Iva Padilla,mijicjoc@mel.bq
Estella Walsh,lo@bimediguk.lv
Paul Day,tum@zupnuk.om
Richard Shaw,vatofa@taichof.ke
Alberta Moody,kaj@er.edu
Mabel Holland,wumda@sujti.ir
Erik Perez,metmiza@soij.mo
Sam Harris,zafpiwe@woido.lb
Marc Burke,delvumfo@wo.mh
Cecilia Conner,ruignu@difza.sv
Lawrence Armstrong,cuf@ololelime.sk
Stella Simmons,rumofu@mu.fr
Aiden Hicks,bo@muc.ng
Lloyd James,dejucuol@nohzin.gi
Cynthia Ferguson,wag@bucoda.ro
Benjamin Reyes,ju@werjufir.mh
Andrew Fuller,feklaem@jofuji.bn
Brent Schultz,zeznivij@iv.cm
Sophie Greer,lob@ziwkuphov.ve
Amelia Tate,zibawru@maoh.bt
Sylvia Kelly,tabve@wo.pm
Ernest Bryan,hum@jovlelos.cy
Robert Vega,maslij@isedanwo.ps
Fannie Rose,so@putitih.gr
Sylvia Johnston,luzilew@hape.bo
Luella Shelton,kul@rinfun.bh
Eva Wagner,ujuco@pagentun.qa
Nell Munoz,kuaji@ilbu.tc
Billy Shaw,kos@ralibud.np
Della Joseph,gaszob@zi.af
Eddie Waters,kir@jim.bi
Elva May,bamu@ca.ro
Bessie Erickson,kew@napakoja.ve
Andrew Payne,pejpu@eh.tm
Ronnie Chavez,pasup@buwzokum.ie
Arthur Torres,zifkabe@er.ht
Alex Little,razocri@baf.il
Christine Thornton,ocolepuh@isu.jm
Jean Cortez,tuwripid@edlaula.gd
Pauline Glover,cibenro@dipok.ar
Clarence Flores,heev@ru.by
Adeline Marsh,mor@melhe.pk
Micheal Schmidt,had@giw.sl
Hallie Daniel,pujenhag@wi.sb
Laura Bridges,cajgukdu@duzobow.bs
Alexander Rodgers,ralaew@lemhued.dm
Louise Ramirez,cemago@liekiob.uk
Celia Stewart,odo@vega.na
Ella Butler,gemzirud@neffod.cm
Lena Underwood,cukgi@ko.gov
Susan Flowers,vidihu@medzek.nl
Keith Wade,kubezezi@camtijpaz.ag
Norman Lee,udedoara@poli.an
Claudia Washington,pelfapkim@wa.vu
Maud Hawkins,reteh@ojekogo.sm
Mike Lee,tom@bera.kp
Mark Flowers,nej@faduhi.tm
Bruce Price,niucudaf@vojiwu.kw
Cornelia Becker,pafalfe@gotwuk.uk
Sam Weaver,feoful@veg.jp
Isaac Walters,opoziud@rapiji.tv
Luis Fletcher,algita@uhhi.kh
Hannah Jenkins,si@odilahvat.mh
Victoria Lyons,rostev@lawoler.np
Hilda Daniel,elohizo@peatfo.cu
Myrtle Rodgers,tugim@gaj.gb
Lora Rodriguez,cois@pirsuka.md
Julian Valdez,ruk@ru.td
Evan Richardson,min@momibiv.er
Tom George,kucu@sorfur.sr
Floyd Park,focis@cerer.ru
Harvey Long,izaibre@acgam.th
Eula Lindsey,kisrowob@induz.rw
Alex Wade,kewe@ukhuhobe.vc
Christian Ford,vozoc@siv.tl
Helen Thompson,vujacji@pi.my
Ethan Potter,luveme@osiapehes.cm
Bertie Lee,igovu@ake.zw
Charlotte Gutierrez,rozabma@hevzot.st
Mabel Tate,ter@ez.gd
Eugenia Gibbs,zijzijaj@rahuzisat.ss
Mina Greer,ta@jehike.bh
Vernon Fernandez,jismo@roz.sy
Lucille Swanson,vi@ma.hm
Eva Welch,ca@pi.org
Albert Malone,hosna@gusunaf.mq
Ada Elliott,titvunaza@si.pg
Lora Mathis,lofgiwu@da.tc
Joe Perkins,nejfef@fisrota.es
Mason McLaughlin,gakcewbi@madifa.bd
Chris Lindsey,nopocnib@punfim.et
Olive Gilbert,ro@sa.ec
Gordon Powell,unoheca@ho.ml
Isabelle Wheeler,futzuj@tu.kg
Sally Burton,lawceb@ubme.tk
Bill Stevens,jelow@jo.hu
Roxie Nash,du@te.gp
Linnie Adams,imaiso@amafasdok.ne
Nora Graham,eru@bualiazo.mp
Louise Figueroa,icumo@te.do
Edith Cox,imanum@non.mv
Jay Rivera,cesjez@kakludwe.vn
Lora Fowler,otu@onizo.bq
Sophia Ortega,carefgat@ati.co.uk
Ruby Daniel,saimaga@kenhius.gw
Pearl Pierce,tojesiz@rojtilet.tn
Janie Alvarez,tiimici@to.al
Lucinda Robertson,vutfet@lamjevjak.mr
Ann Lopez,la@loh.pf
Christian Hughes,opi@zazuk.kn
Lee Lawrence,ginkiaf@gariga.cy
Bill Stokes,bovan@femko.wf
Theresa Leonard,rirugi@hogki.mn
Alejandro Williamson,zager@kovba.kh
Mary Hart,tipdom@tegrujom.tm
Wesley Howard,leovre@luv.ee
Raymond Romero,obo@maldik.er
Travis French,moco@hesvisa.gu
Raymond Simon,daboz@hic.gp
Earl Burke,biuz@fucrivow.hm
Isabella Strickland,mamim@fel.cn
Danny Lucas,heluce@olihogwud.bz
Henrietta Payne,if@fevutu.gi
Jesse Sullivan,ruhzemo@zahvi.nf
Flora Murray,idoge@hednivmi.lv
Donald Lucas,le@uwve.kp
Lilly Rhodes,gohep@ce.km
Amy Obrien,ca@wim.tk
Adele Andrews,nem@riwminaj.tg
Johnny Hoffman,puli@li.ke
Harvey Copeland,rivbo@huib.fj
Rosa Daniel,bo@gab.fo
Blanche Romero,zim@ge.ag
Cora Bennett,vimhawzem@ewoekjiw.in
Andre Ramsey,akoaj@zalromem.mq
Jack Andrews,vit@ag.lr
Harvey Sparks,firig@upo.pl
Rodney Brown,ahofu@bezakeadi.eu
Lura Bowman,vab@usgeri.jp
Luke Alexander,reoki@mesinnu.tw
Virgie Munoz,punewig@ekki.hr
Tyler McCoy,pivrozef@tuhkepage.bm
Ola Franklin,ige@im.st
Wesley Murray,farda@wa.su
Alvin Boone,bebehini@iw.cg
Frederick Rivera,wagver@boovu.vi
Mason Sherman,ja@favac.vn
Gerald Owens,jowem@dobdu.gb
Cordelia Brewer,gijgov@vijak.vu
Virginia Ballard,va@wusih.cc
Leila Young,latfuk@do.su
Brent Cooper,nor@jatodbif.com
Henry McDaniel,hep@buntavub.bm
Helen Barrett,zejene@na.md
Lloyd Woods,lacsanger@cuvuad.pa
Ola Ryan,igirefma@je.mm
Lloyd White,omzi@vo.gov
Callie Stevenson,wogihet@lap.sh
Earl Frazier,wiw@tufimni.aq
Cole Oliver,urnigus@baako.tt
Lola Newton,jow@vaklapuf.vg
Richard Simon,zafermib@ve.vi
Martin Richardson,una@po.net
Connor Boone,divib@ucoac.aq
Gussie Lee,pabi@kowraito.ye
Elmer Hopkins,saglalesu@doljefip.nu
Grace Pope,ovesedruz@ewope.bb
Ophelia Webb,mi@pifulza.nc
Louisa Flowers,utivi@uci.ir
Cecilia Huff,iwratir@zo.uz
Craig Moran,bul@wen.ga
Barbara Pope,og@vahci.ky
Zachary Myers,pojtir@bak.ro
Hattie Reed,la@abgu.sa
Celia Morton,zesmiba@jikirav.tn
Louise Reese,va@ninzajji.cf
Ryan Townsend,ahace@zomvobo.ms
Martha Andrews,duhsun@gu.eg
Nannie Mills,virija@nonima.uz
Anne Lowe,wisfot@waife.tk
Jane Armstrong,tujoc@lucra.sk
Jonathan Long,tumobo@ici.me
Nora Rios,inrijma@fovfap.mt
Jennie Daniels,zad@pojpa.ls
Isabella Hicks,rufaum@dipfu.cn
Mary McGuire,mecivic@puf.jm
Christian Chandler,juf@emdo.ki
Logan Garrett,mavlait@zusu.ls
Mae Richards,jiv@isafisus.si
Wayne Foster,zahdij@luhet.nf
Lou Bishop,jovod@fooble.ua
Marcus Coleman,usli@juokekab.cg
Ollie Maldonado,romke@jowhup.tl
Carolyn Garza,abuzos@po.nc
Eleanor Fuller,kurrawe@beworeok.ga
Carrie Santos,he@ak.fj
Ollie Castillo,kerorev@pehgos.af
Dominic Wells,duh@se.gt
Harvey Moore,huc@magabake.fo
Max Reese,sip@laffi.mc
Carl Murphy,wijow@rila.co
Christine Wise,evajoiwe@owero.jm
Clara Oliver,wawi@miv.pl
Kevin Bailey,ug@emciw.ro
Amelia Stewart,bugkof@fasvikup.ua
Leon Olson,piwod@vujajwow.gs
Frances Webb,ponoged@huksuoso.mr
Wayne Franklin,wip@cipkagu.mo
Clifford Gutierrez,cuspusah@ecod.ws
Daisy Love,he@dalgo.vu
Randall Quinn,firijaar@tausuga.tn
Mabelle Cook,foovo@jihijitu.ml
Delia Olson,supizsen@tedono.ht
Hettie Munoz,ensek@oste.ec
Olga Spencer,uvho@tobjul.gm
Nancy Stone,lid@jezupoc.tt
Lenora Moody,te@mevih.vi
Chester Miles,zidut@lebtagzon.dz
Louisa Olson,puced@mugbume.bq
Christopher Reid,paat@nutbiapa.bj
Clara Potter,newi@buhfatic.mz
Sean Hicks,su@vokis.uy
Claudia Roy,oraej@gudzilhud.ir
Pearl Morgan,cukke@tosepef.vg
Augusta Murray,hilok@haco.gs
Devin Rios,upevagwe@tiraga.sn
Pauline Zimmerman,pe@nola.ua
Katherine Byrd,vavo@vadpuj.fk
Lydia Chambers,nih@va.lb
Eunice Francis,powsanta@ruw.sg
Calvin Butler,vuciwhow@becur.bs
Ronald Buchanan,jon@ho.ps
Ronnie Patterson,gen@pekaso.eg
George Gray,widci@owine.bz
Jeremy Dennis,izefoki@ucfo.lt
Gussie Stevens,re@er.am
Roger Hughes,waepogoj@vufijfa.cd
Philip Fitzgerald,et@vipulwi.ke
Betty Pierce,rirejwuj@lur.st
Mathilda Perez,nojhozbez@jib.lu
Alex Carroll,luffouh@iwvuku.tr
Henrietta Larson,jiob@salpipow.fr
Thomas Horton,wow@ru.bt
Herman Mack,ogu@dasa.km
Dominic Greene,vocaso@kotuh.ga
Shane Morton,cinpaloma@vuntuij.st
Ellen Carr,ugajhed@annuah.tf
Adele Rowe,waz@ihoatumam.dm
John Chavez,fo@apewu.tc
Helena Day,tem@fifem.az
Elmer Burgess,mozico@geotoko.uy
Michael Coleman,umiwe@olo.mk
Walter Arnold,fozako@ewawachej.nz
Bradley Byrd,liiru@biz.kz
Jeff McCormick,lem@lemezosa.sc
Franklin Ortiz,hivzafdov@ofnuwlat.nu
Allie Graves,mocaus@tocil.by
Eugene Garza,kawa@tegig.my
Ethan Boone,kohot@nonu.ma
Corey Gardner,hehuwlu@zehle.va
John May,nuj@ca.mr
Tillie Elliott,kuhewu@puzespom.cr
Corey Herrera,defo@ba.ps
Betty Blair,jififo@micpic.nr
Antonio Walters,zi@nesi.tt
Claudia Lee,vipsecze@radasagu.au
Evelyn Crawford,zu@fa.gn
Claudia Lawrence,datudelu@awdo.ls
Marguerite Hale,ji@cuze.dm
Daniel Jensen,linora@odcu.vn
Jordan Stone,heknamep@malet.cg
Phoebe Watson,ehvelun@wah.bv
Emily Dawson,ami@kabtibahu.kh
Agnes Baldwin,usoso@agtif.mp
Mathilda Holland,jim@askajot.nc
Lora McDaniel,pi@asetabti.lc
Bruce Tucker,jesagjab@tujcori.mn
Nicholas Walton,ujo@ubafistur.st
Adele Guzman,baj@kacropsun.ch
Owen Black,itpuf@so.sc
Margaret Patrick,ivmoin@budoze.io
Agnes Collins,kesa@ezoafi.kw
Nina Castillo,uhnu@lel.cu
Maude Dixon,sowuhbik@tigubuzoj.vc
Rhoda Jimenez,zeowelam@tapwum.ke
Rhoda Collins,ba@pufe.sd
Dennis Doyle,ozdanap@wim.uk
Amanda Bryant,curu@cuj.cy
Billy Hawkins,teitu@wunuda.ni
Stanley Bridges,ru@dauc.uz
Lura Duncan,feztew@mi.nz
Julian Martin,semsegla@ozje.mw
Katharine Morrison,na@josmad.sv
Jeremiah Harrington,pufur@emis.wf
Mario Alvarez,ago@jile.tl
Jackson Mitchell,tu@geszeeb.vi
Birdie Black,majtaniga@rap.ws
Jared Richards,ruhogo@hapewha.pw
Bruce Bowen,jozfaar@ejmebo.kz
Isaiah Robbins,ovifa@goz.gg
Sarah Hines,hit@ta.sa
Elijah Pearson,vuewihak@du.ye
Sophie Gonzales,hines@vuivo.rs
Philip Peterson,zom@hikvajra.kz
Wesley Morales,teiw@fofavo.bz
Jessie Gill,adevima@cucrale.ch
Lily Hart,laco@vek.ws
Dominic Miller,paputaevu@esoco.uk
Harold Carson,sev@az.mt
Andrew Dennis,pi@secduw.lb
Gertrude McGee,pavjij@wopogo.ie
Floyd Lee,kawwe@co.md
Mabelle Brock,kozani@hilfutko.br
Dora Huff,dubuf@funeza.sx
Andre Harrison,kasotwok@gir.io
Ivan Simpson,ke@rip.fm
Jesus King,ezmumko@foce.bh
Rosa Carpenter,silozuw@edo.sa
Lewis Malone,kapkaf@dihloin.lu
Callie Brown,torosiwav@etejag.sn
Lillie Mason,fomeb@ikko.vn
Martin Hunt,geckedo@inaoj.br
Jean Hudson,haif@tu.fr
Adrian Phelps,fuaza@fut.dm
Josephine Lawrence,vecujti@li.fk
Henry Williamson,az@nazrego.cx
Edgar Clayton,jipi@lel.dm
Sylvia Sanders,lok@aptuhgu.id
Seth Evans,vek@saponbu.ai
Jeffery Hughes,wocmo@donu.sy
Celia Higgins,ni@koeg.il
Rodney Houston,afole@fof.ir
George Andrews,luil@hel.ax
Chase Bailey,mulhomo@morfuk.hr
Isaac Flores,de@rikiw.br
Mabel Castro,ajbotke@zikedu.mr
Earl Holloway,ko@cugvave.pg
Catherine Long,fow@areja.gh
Wesley Potter,gi@rad.in
Ollie Townsend,hi@naj.ua
Mae Alvarado,tif@gi.ng
Loretta Hall,tas@kavkina.vg
Albert Lewis,um@lusiltav.bi
Jesse Nunez,ug@riv.pw
Gabriel Sparks,kius@fogec.tn
Cameron Lynch,rul@memtovad.bs
Bettie Reed,uda@gud.lb
Loretta Jones,digume@uvujso.mm
Lenora Gonzales,vero@le.ss
Elsie Bailey,lefgim@uma.sg
Lydia Perry,vinuhuja@imaurnic.li
Tyler Castillo,huewozel@iglo.mz
Myrtle Ferguson,belucmu@bi.za
Billy Barton,fatha@id.ci
Gerald Martinez,le@hoj.cz
Francis Carlson,vepu@vojoj.ws
Annie Gutierrez,lote@sipfosdev.us
Cameron Cox,demod@wok.cu
Jonathan Gutierrez,usi@ahunu.sk
Jorge Gardner,wipebti@vamtih.dj
Evan Wheeler,dojkonoca@go.it
Birdie Watts,civzilu@soc.io
Eric Romero,tu@uvi.gs
Angel Murray,dit@nufeif.bf
Mary Fitzgerald,uhagaam@zu.pl
Gary Martinez,cobavog@lommu.gp
Billy Gibson,awupeg@keolejef.ph
Adeline Carr,emnuh@dafez.ls
Lura McDonald,fiwhirur@ega.mc
Dollie Black,gegod@rujmigsi.mu
Gussie Hanson,eru@fawvonvur.mw
Polly Chambers,faro@vus.rs
Allen McCoy,wi@wek.ch
Ernest Cox,binid@ral.ug
Fred Klein,sakzihku@afibir.nu
Sara Hughes,meazi@nil.lk
Katie Arnold,mef@fag.hk
James Fowler,nu@lehjenmiv.kh
Leo Adams,decgokciv@zodva.vu
Rose Dixon,zupopu@ak.aw
James Howard,dudof@ruzuseg.gu
Melvin Fleming,tudsilap@idu.ck
Randy Crawford,kivi@pabfe.bs
Eunice Casey,ekoebune@bo.je
Adelaide Hudson,nusem@vas.mg
Victoria Cain,cis@osa.er
Lettie Wong,idiwos@ofijal.ai
Emma Mason,co@fiimgor.pl
Ina Hicks,tocte@nail.az
Corey Bass,gepuzzop@nezloci.ga
Angel Hernandez,ni@culede.lt
Donald Vasquez,katdel@ar.mw
Ellen Hill,jirsug@reco.nz
Dollie Gonzales,zuj@di.kw
Isabel Norman,vug@pezem.pk
Harriett Nelson,idupordi@ari.fm
Dominic Morton,focjukazu@ga.ws
Rosalie French,sitvubjew@pi.lu
Leo McLaughlin,cem@fimliz.mk
Marian Barker,bipo@eg.do
Mattie Duncan,nom@ipeawu.eu
Henry Klein,mar@hiz.eu
Rosa Tate,bid@balsuvin.fm
Olivia Rose,wuwegef@cuzdep.ke
Ricky Bailey,ut@hod.kn
Hannah Evans,tur@zu.kz
Bertie Barnes,de@zuwe.jm
Evelyn Coleman,igolo@hamor.sg
Charles Lane,jiwol@vevzosah.tn
Michael Payne,rocli@duhib.bo
Frederick Bates,gizeni@wip.km
Jose Hunter,sewte@watra.az
Shawn Lyons,urowava@be.am
Lena Hines,nagjedem@uwub.gb
David Perez,otno@are.iq
Bess Hopkins,borgovta@tag.sh
Rachel Phelps,telvikiw@dal.bo
Polly Fleming,cim@tuttitne.by
Samuel Morrison,zerpo@to.bz
Randall Dixon,se@podohu.lr
Alberta Phillips,ponzez@buj.la
Eva Lloyd,wozgode@viciwro.dz
Mitchell Parker,wakgo@ji.zw
Lewis Ross,pabidu@utovar.pf
Owen French,gi@kosuhobev.cd
Cecilia Morton,ninicaap@nuh.va
Lina Butler,ku@kim.ws
Mollie Grant,zuunaduh@fab.cu
Elva Long,gacpaovo@luep.ph
Rosalie Marsh,botid@goifcer.tk
Sara Wong,hi@wug.be
Isaac Goodman,va@hu.pg
Myra Moran,befowced@odge.ye
Chester Sharp,uhhad@ci.in
Erik Warner,mavug@samkimmu.va
Eric Gibson,bihhilev@si.eh
Howard Webb,utoade@bijkanom.fm
Flora Webster,maftien@esihas.lk
Juan Edwards,de@depra.zw
Rhoda Jennings,iris@heju.in
Shane Bates,kakkava@rajzuuco.mh
Bruce Little,hat@na.ga
Leo Peterson,ni@torot.bw
Ricky Quinn,giopoos@obi.sl
Evan Saunders,soneifu@zelparak.yt
Landon Allison,bulujje@fohfej.tm
Cody Bradley,we@sesi.io
Max Hubbard,waove@is.ug
Betty Townsend,ekawe@afo.no
Aiden Barrett,zatik@faneumo.gh
Olivia Anderson,nos@abano.ps
Ruby Jennings,tos@umhe.by
Clarence Peters,riwwom@la.de
Charles Brady,pe@cednizel.zw
Jacob Daniels,voci@weovohiz.ps
Sophie Norton,heb@kevhik.tn
Calvin Bryan,sa@lebkekka.fk
Sallie Morales,nahava@fat.uk
Pauline May,zecu@dig.eh
Myrtie Howell,ged@mirven.kr
Garrett Hale,ablo@musku.nz
Mina Alexander,nus@ibi.sr
Susan French,zabho@juafu.gov
Philip Hawkins,cuhofeeca@anuzo.eh
Harriet Burgess,buc@romreufa.cl
Connor Wallace,jifeztev@vudkoz.tz
Louise Berry,furceze@uve.vu
Johanna Francis,ulopapdi@fevubwe.nr
Earl Rhodes,kaci@suvcu.sg
Clayton Nash,boomu@ji.ar
Fred Guzman,hukcenow@apopok.gt
Ann Harper,jo@ta.ck
Alex Henry,wiw@faidovo.an
Emma Sanchez,po@beh.ht
Jesus Dean,ci@ebudapni.st
Bertie Baldwin,unebewoh@bajom.td
Jason Schwartz,nom@ribe.nc
Kevin McBride,jol@vom.ua
Bessie Love,ukwefe@majut.gd
Cornelia Rice,dop@riwnemrun.md
Alice Patterson,nof@copninnu.mz
Katherine Fuller,tevgazop@ogrin.gy
Flora Maxwell,ullim@kewjuh.io
Ronnie Smith,rivtuje@gage.no
Mathilda Coleman,tot@efe.jp
Fannie Harrison,obegeccok@rasevgis.gg
Elsie Dawson,si@afrizni.ar
Austin Hanson,diahofib@dumobij.me
Gilbert Gomez,mo@bintoiv.gg
Pearl Edwards,ameuli@rejug.km
Mitchell Vega,emi@bubseg.uy
Alta Grant,wakvuifa@zelubwak.bj
Danny Peters,pifsab@je.cr
Ida Boone,osejov@dihheh.re
Anthony Dennis,emjupovo@lemi.hm
Johnny Ingram,padasuc@vesleja.mp
Gertrude Lewis,logo@curedgil.pl
Isabella Brooks,fazne@revmebgo.sr
Adelaide Morales,imtizev@esaawevur.ai
Olive Baker,seznabaz@rofa.ci
Theodore Hale,pig@foannoc.ch
Nora Brewer,hakuj@salosaw.np
Wayne Armstrong,hep@egujejmo.hu
Lora Benson,ke@wapib.uy
Lillian Mason,suug@peb.ne
Rachel Clayton,agacu@na.jp
Micheal Vasquez,jewwa@vevhogsol.to
Leon Austin,tifa@pioh.tk
Harry Daniels,upivevor@keubu.ug
Mario Becker,mounves@kudebkip.bm
Olga Burgess,hocepfuh@zipo.sj
Chris Malone,zi@mevo.mo
Rodney Fleming,rit@vuzne.ba
Janie White,gize@wozudbop.gu
Daisy Gray,usuojugez@zip.jm
Lou Collier,ebtak@kumogi.bo
Mittie Benson,etoidopu@zofebsa.vc
Lucille Chandler,ge@kuhbodah.uy
Lydia Boyd,ta@va.cn
Alfred Patton,hic@vaak.fi
Abbie Mack,tawupez@vilda.bj
Gordon Owen,mirav@de.ke
Ronald Rodgers,wulelam@zo.bm
Trevor Gardner,kios@fabzaj.mz
Lida Robinson,iluenide@adid.ws
Craig Curry,afcev@ic.ki
Elnora Vasquez,rargevle@silsagza.vn
Martha Vasquez,rahbidsa@zalawocu.sx
Hallie Walker,zaowham@suzih.in
Adeline King,li@laho.lk
Corey Neal,cuoji@da.hk
Ricky Black,ke@sadcu.cd
Roy Norris,bije@diketo.sx
Cory Haynes,pena@susavnug.bh
Angel Knight,uwo@ce.np
Tom Aguilar,elujo@rel.mr
Delia Schneider,gufnotmih@awiris.pg
Rosa Barker,gime@ic.je
Lydia Brown,rairokap@da.as
Edwin Marshall,jikku@azaito.by
Luella Kelley,rovkuvwi@zamla.mr
Ricardo Hampton,eguiha@jijcocvur.cr
Jeanette Fields,lu@ni.sc
Jared Lowe,uk@gu.kg
Maud Hammond,mufju@up.qa
Mabel Lewis,mok@dadoz.er
Eddie Hoffman,cape@vi.cl
Inez Norman,acvewo@le.ps
Mabelle Ball,ozijat@zogeoka.cl
Norman Rhodes,gog@nenaf.sd
Bryan Boyd,cazew@nis.ba
Seth Hayes,vinub@le.dm
Dylan Gibbs,wol@wajmaita.pw
Christine Pope,wupaj@hu.af
Della Garcia,vut@pifsotwu.tf
Emilie Elliott,funit@ij.tz
Herbert Copeland,gosre@sodatu.io
Ella Nguyen,wob@wogaceah.jo
Dora Owens,bojifaoc@cal.cd
Maria Fitzgerald,ip@ticoveah.ao
Jorge Bell,opuha@cocip.cf
Nora Gross,fo@veow.kn
Lenora Gill,aju@rasevisu.vn
Mark Lewis,zippenuh@lazug.pf
Isabella Tate,homuj@nife.su
Bernice Harvey,sinulkef@edkadno.bw
George Ford,gadap@kobwees.cc
Lucile Hanson,eze@kueswum.tr
Adam Haynes,jew@simusci.th
Julia Ortiz,hisgotat@ika.rs
Lenora Miles,zere@pev.sy
Aaron Robertson,rip@pocte.gp
Julian Page,vulustam@emi.edu
Jesse Kennedy,dono@irezukomu.cv
Walter Hanson,fu@pawhifge.tz
Elizabeth Watkins,ew@odoko.io
Clyde McGee,tubvor@vodpeb.org
Ida Hamilton,tozva@zopag.pe
Earl George,min@gu.edu
Eleanor Santiago,subun@ro.cw
Rosalie Fisher,vugtelsu@feb.mx
Lina Patterson,didoda@idgozbo.az
Marion Briggs,uwguve@sicbe.co.uk
Ollie Brock,em@al.ru
Etta Stone,gaumu@vabuk.kg
Brandon Briggs,dim@bozot.ie
Irene McLaughlin,dehjupih@rutneswig.hr
Madge Hampton,lovzivmoc@jipenhaj.nf
Emily Murphy,da@teab.tl
Alejandro Morton,ka@kuisedi.kz
Cecilia Green,pesfeluho@fut.by
Larry Ramos,buag@pefafic.py
Eunice Franklin,pewfubju@kag.cx
Josie Hogan,nem@zi.np
Theresa Hayes,havulbu@vi.zw
Alma Gutierrez,ci@wor.dk
Alex Mathis,be@ci.wf
Leona Marsh,ewihit@zinwu.dj
Virgie Fowler,enjajmik@ivedaav.tg
Wesley Baldwin,lih@jep.fk
Alejandro Erickson,rajamuli@aw.fi
Lucas Willis,eseirupan@wubuj.nz
Agnes Craig,neelacuw@toveve.pf
Jerry Bryant,samono@secrus.co.uk
Melvin Parsons,pi@upva.gh
Caleb Wagner,wisaw@vev.co
Bess Bradley,agi@jopuja.eh
Cole Davis,ci@lato.sh
Jane Grant,nivozne@vepe.pa
Ida Benson,wava@ajivi.sd
Andre Peterson,tihize@ilojerim.tw
Duane McCarthy,ju@lofdabani.br
Luke Perkins,tagzug@ihpa.sl
Rosa Ortega,migcuvuj@hiane.bw
Douglas Gomez,mufneda@on.st
Nelle Foster,coboh@tauc.gu
Lewis Silva,duilavi@bifzoz.fm
Darrell Greer,kevfoet@ukga.lc
Eugenia Flores,tatsip@ivese.st
Alan Christensen,mafece@bewva.ng
Ada Holt,evadawdel@vout.org
Rena Hodges,akibu@zatvoma.do
Lena Scott,rum@zumtejuw.cy
Isabella Wilson,nezus@benaken.jm
Erik Lyons,tozes@nula.ch
Joel Dennis,izto@gar.hm
Christina Weber,fij@os.ru
Martha Walters,um@lonoen.kz
Caleb McCormick,vaoti@tako.co
Henry Moreno,vivdala@nih.pf
Henry Pittman,biemo@oro.mr
Jerry Atkins,zuketu@epso.sz
Adam Bryant,uk@hi.sx
Leona Todd,upmato@oteuc.mo
Timothy Harris,giivite@ce.cg
Alma Reed,cad@adutabced.is
Mayme Sutton,an@koidu.ba
Carrie Fernandez,hunonaek@papag.lk
Lucille Freeman,moj@zernodwuf.uy
Maggie Bryant,el@ga.lb
Etta Wolfe,bi@sotif.uy
Amelia Dunn,enli@rib.kw
Emily Stokes,gigevec@neg.qa
Phoebe Hill,ov@aju.er
Louis Clarke,se@bi.th
Jayden Anderson,ju@ziguz.af
Frances Chambers,ili@rakac.sc
Aaron Ball,cavom@vav.tn
Vincent Schultz,vijotuco@vum.uy
Katharine Roberson,ijuvo@lep.lv
Miguel Fisher,pobfac@co.cw
Gregory Martinez,zu@mejhi.mv
Trevor Ryan,zipipa@gadevdor.ec
Mollie Harrington,vah@datobkih.tz
Sallie Osborne,upuaba@sofi.so
Devin Murphy,onpenuta@nudtetpov.ls
Warren Walters,pugsazet@lu.dj
Amelia Padilla,wacmukjiv@odaisla.mc
Lenora Nash,huhneven@doztij.bh
Clara Norman,wu@sikvim.by
Sean Morales,luliba@ve.an
Virginia Watson,reihu@pek.org
Adrian Lopez,tovnep@ca.mm
Paul Bridges,ci@ogomoek.gf
Jay Simon,bikibege@mohiges.sn
Rosie Garrett,hijwebih@medmafta.ba
Lawrence Floyd,ida@goca.sy
Lillian Grant,fe@ov.vi
Clarence Norton,famcinor@kat.fk
Jorge Farmer,fahisaj@gedat.ye
Herbert Henry,jebak@dezkotaz.bs
Linnie Stewart,fasdan@si.dk
Maggie Williamson,wotin@jakeduw.ni
Carrie King,ta@fi.lb
Marguerite Sandoval,li@be.sv
Dale Hansen,eciferun@erzirwef.al
Micheal Mills,hidrij@bow.bo
Alejandro Sharp,gabim@iccujo.dm
Ellen Mack,kaz@ra.ly
Alex Love,zon@ki.cd
Katie Steele,sorrofufo@ocoriged.bd
Maude Brown,ho@lun.hr
Kyle Pope,gum@iliwco.gu
Claudia Perkins,butirew@huzdi.jo
Donald Rose,fo@osi.bs
Alfred Cohen,zak@sujeci.aq
Elijah Nunez,ota@izuhor.th
Lucy Morris,mumginmin@umguofo.mu
Sylvia Martinez,cambivi@hehwet.nc
Eula Lee,zip@fivwodlo.eg
Elsie Pierce,leleri@acavu.vg
Marcus Sherman,vivug@cid.mp
Douglas Newman,toclasdat@ukwa.cl
Sarah May,ise@muma.py
Ryan McGuire,cov@zoscimdet.sh
Lura Jefferson,se@dopulwol.na
Maud Mann,coppirfim@uwo.mt
Lester Saunders,worepo@cibo.gd
Nancy Keller,utenafpen@wide.vi
Mayme Ferguson,heoruta@id.hr
Rosa McCormick,ezmewak@ri.bb
Victor Anderson,calewfa@kes.md
Cole Park,nav@vukvorit.km
Christina Mason,jodiw@id.tl
Lizzie Ramos,covigvip@ed.ne
Marc Hayes,kolmaf@uga.mt
Christina Mann,cew@duw.lk
Benjamin Howard,kil@la.sv
Shawn Simon,pivi@zime.tc
Melvin Payne,lowgocim@lajfelo.tp
Alberta Bowers,jibpiw@mazej.vn
Adele Hill,ja@dogeju.fo
Jane Ross,gub@pabkim.io
Etta Little,behompog@des.vg
Lola Palmer,vovbif@re.ai
Willie Palmer,miv@sezu.gn
Dora Woods,supdibwe@zeg.org
Evan Ingram,ejo@ewi.yt
Rodney Simpson,kavim@kut.pf
Daniel Fox,bema@jiew.ee
Nathan Russell,humelos@goblari.bd
Bryan Morris,puk@ra.qa
Elva Aguilar,cikeh@la.tw
Franklin Pittman,ag@udazejev.yt
Carl Rowe,uce@sifra.so
Christine Cummings,caze@aro.io
May Bishop,gonsusog@okilev.bt
Stella Schwartz,omi@gij.sa
Troy Stevenson,nuk@gacen.pw
Carolyn Mason,sogira@ponotep.ec
Henry Green,epuziha@wagmiaza.lk
Dale Carson,var@muk.il
Esther Valdez,ahzim@loigbu.am
Todd Houston,sal@pop.lu
George Lindsey,ba@icego.dm
Martin Schmidt,baej@ishum.gd
Loretta Hampton,waz@ofauv.com
May Hopkins,awi@jul.at
Mark Garcia,ulogew@evwe.dz
Lucile Moreno,votmud@ranozoegu.ge
Delia Burke,woherji@faklado.cw
